{"cameraMode":{"drawMode":0,"name":"Shaded","section":"Shading Mode"},"sceneLighting":true,"audioPlay":false,"sceneViewState":{"m_AlwaysRefresh":false,"showFog":true,"showSkybox":true,"showFlares":true,"showImageEffects":true,"showParticleSystems":true,"showVisualEffectGraphs":true,"m_FxEnabled":true},"in2DMode":false,"pivot":{"x":14.337247848510743,"y":5.669412136077881,"z":-24.962236404418947},"rotation":{"x":0.12268514931201935,"y":0.13709434866905213,"z":0.017125587910413743,"w":-0.9828143119812012},"size":0.8270542621612549,"orthographic":false}